<?xml version="1.0" encoding="UTF-8"?>
<web-app xmlns:xsi="http://www.w3.org/2001/XMLSchema-instance" xmlns="http://java.sun.com/xml/ns/javaee" xsi:schemaLocation="http://java.sun.com/xml/ns/javaee http://java.sun.com/xml/ns/javaee/web-app_3_0.xsd" id="WebApp_ID" version="3.0">
  <display-name>CACHE XML TEST</display-name>
  <welcome-file-list>
    <welcome-file>index1.html</welcome-file>
    <welcome-file>index2.htm</welcome-file>
    <welcome-file>index3.jsp</welcome-file>
    <welcome-file>@@@@@@@@*****??????</welcome-file>
  </welcome-file-list>
<!--  
quando questo file viene modificato, lo script se ne accorge e lo ricarica
-->  
</web-app>